Workbook

Sheet LTV per Lead
A1: VITAEOLOGY - MODELLO LTV & BREAK-EVEN ADS
A2: Value Ladder Completa: L1 (€0) → L8 (€9.997)
A4: DATI INPUT (Value Ladder)
A5: Livello | B5: Prezzo Medio | C5: Conv. Conservativa | D5: Conv. Realistica | E5: Conv. Ottimistica
A6: L1 → L2 (Challenge→Libro) | B6: 14 | C6: 0.1 | D6: 0.15 | E6: 0.2
A7: L2 → L3 (Libro→Leader) | B7: 149 | C7: 0.05 | D7: 0.1 | E7: 0.15
A8: L3 → L4 (Leader→Mentor) | B8: 490 | C8: 0.1 | D8: 0.2 | E8: 0.25
A9: L4 → L5 (Mentor→Coaching) | B9: 1200 | C9: 0.15 | D9: 0.3 | E9: 0.35
A10: ⚡ Prezzo L2 = media ponderata ebook €9,90 + fisico €24,90
A11: ⚡ Prezzo L5 = media €997 e €1.997
A13: CALCOLO LTV PER SINGOLO LEAD (Anno 1)
A14: Componente Revenue | B14: Formula | C14: Conservativo | D14: Realistico | E14: Ottimistico
A15: Revenue L2 (Libro) | B15: Conv × Prezzo | C15: =C6*B6 -> 1.4 | D15: =D6*B6 -> 2.1 | E15: =E6*B6 -> 2.8
A16: Revenue L3 (Leader) | B16: C₁×C₂ × Prezzo | C16: =C6*C7*B7 -> 0.745 | D16: =D6*D7*B7 -> 2.235 | E16: =E6*E7*B7 -> 4.47
A17: Revenue L4 (Mentor) | B17: C₁×C₂×C₃ × Prezzo | C17: =C6*C7*C8*B8 -> 0.245 | D17: =D6*D7*D8*B8 -> 1.47 | E17: =E6*E7*E8*B8 -> 3.675
A18: Revenue L5 (Coaching) | B18: C₁×C₂×C₃×C₄ × Prezzo | C18: =C6*C7*C8*C9*B9 -> 0.09 | D18: =D6*D7*D8*D9*B9 -> 1.08 | E18: =E6*E7*E8*E9*B9 -> 3.15
A20: 🎯 LTV ANNO 1 PER LEAD | B20: Somma | C20: =SUM(C15:C18) -> 2.48 | D20: =SUM(D15:D18) -> 6.885 | E20: =SUM(E15:E18) -> 14.095
A22: RETENTION E LTV MULTI-ANNO (3 Anni)
A23: Retention L3 Anno 2 | B23: 0.6
A24: Retention L3 Anno 3 | B24: 0.4
A25: Retention L4 Anno 2 | B25: 0.7
A26: Retention L4 Anno 3 | B26: 0.5
A28: LTV Addizionale Anno 2 | C28: =C16*B23 + C17*B25 -> 0.6185 | D28: =D16*B23 + D17*B25 -> 2.37 | E28: =E16*B23 + E17*B25 -> 5.2545
A29: LTV Addizionale Anno 3 | C29: =C16*B24 + C17*B26 -> 0.4205 | D29: =D16*B24 + D17*B26 -> 1.629 | E29: =E16*B24 + E17*B26 -> 3.6255
A31: 🏆 LTV TOTALE 3 ANNI PER LEAD | C31: =C20+C28+C29 -> 3.519 | D31: =D20+D28+D29 -> 10.884 | E31: =E20+E28+E29 -> 22.975
A33: BREAK-EVEN ADS
A34: CPL Break-Even (Anno 1) | B34: LTV Anno 1 | C34: =C20 -> 2.48 | D34: =D20 -> 6.885 | E34: =E20 -> 14.095
A35: CPL Break-Even (3 Anni) | B35: LTV 3 Anni | C35: =C31 -> 3.519 | D35: =D31 -> 10.884 | E35: =E31 -> 22.975
A37: ✅ CPL Target Operativo (margine 50%) | B37: BE Anno 1 × 50% | C37: =C34*0.5 -> 1.24 | D37: =D34*0.5 -> 3.4425 | E37: =E34*0.5 -> 7.0475

Sheet Proiezione 1000 Lead
A1: PROIEZIONE SU 1.000 LEAD - SCENARIO REALISTICO
A3: Lead acquisiti | B3: 1000
A4: CPL medio | B4: 5
A5: Budget ADS totale | B5: =B3*B4 -> 5000
A7: Livello Funnel | B7: Persone | C7: Conversione | D7: Revenue Unitaria | E7: Revenue Totale
A8: L1 - Challenge (Lead) | B8: =B3 -> 1000 | C8: - | D8: 0 | E8: 0
A9: L2 - Libro acquistato | B9: =B8*C9 -> 150 | C9: 0.15 | D9: 14 | E9: =B9*D9 -> 2100
A10: L3 - Leader (Abb. annuale) | B10: =B9*C10 -> 15 | C10: 0.1 | D10: 149 | E10: =B10*D10 -> 2235
A11: L4 - Mentor (Abb. premium) | B11: =B10*C11 -> 3 | C11: 0.2 | D11: 490 | E11: =B11*D11 -> 1470
A12: L5 - Coaching 1:1 | B12: =B11*C12 -> 0.9 | C12: 0.3 | D12: 1200 | E12: =B12*D12 -> 1080
A14: REVENUE TOTALE ANNO 1 | E14: =SUM(E8:E12) -> 6885
A15: COSTO ADS | E15: =B5 -> 5000
A16: PROFITTO NETTO | E16: =E14-E15 -> 1885
A17: ROI | E17: =IF(E15=0,0,(E14-E15)/E15) -> 0.377

Sheet Confronto Scenari
A1: CONFRONTO SCENARI - DECISIONI ADS
A3: Metrica Decisionale | B3: 🔴 Conservativo | C3: 🟡 Realistico | D3: 🟢 Ottimistico
A4: LTV Anno 1 per lead | B4: ='LTV per Lead'!C20 -> 2.48 | C4: ='LTV per Lead'!D20 -> 6.885 | D4: ='LTV per Lead'!E20 -> 14.095
A5: LTV 3 Anni per lead | B5: ='LTV per Lead'!C31 -> 3.519 | C5: ='LTV per Lead'!D31 -> 10.884 | D5: ='LTV per Lead'!E31 -> 22.975
A6: CPL Break-Even (Anno 1) | B6: ='LTV per Lead'!C34 -> 2.48 | C6: ='LTV per Lead'!D34 -> 6.885 | D6: ='LTV per Lead'!E34 -> 14.095
A7: CPL Target Operativo | B7: ='LTV per Lead'!C37 -> 1.24 | C7: ='LTV per Lead'!D37 -> 3.4425 | D7: ='LTV per Lead'!E37 -> 7.0475
A8: Budget mensile €1.500 → Lead | B8: =1500/8 -> 187.5 | C8: =1500/5 -> 300 | D8: =1500/4 -> 375
A9: Di cui clienti L3+ | B9: =B7*0.005 -> 0.0062 | C9: =C7*0.015 -> 0.0516375 | D9: =D7*0.03 -> 0.211425
A10: Revenue Anno 1 (su €1.500) | B10: =B8*149+B7*0.1*14 -> 27939.236 | C10: =C8*149+C7*0.15*14 -> 44707.229 | D10: =D8*149+D7*0.2*14 -> 55894.733
A12: 📌 DECISIONE CHIAVE
A13: Se il CPL del test 100 click risulta < CPL Target Operativo → SCALA
A14: Se il CPL è tra Target e Break-Even → OTTIMIZZA poi scala
A15: Se il CPL > Break-Even Anno 1 → STOP e rivedi funnel
A17: MATRICE DECISIONALE CPL (scenario realistico)
A18: CPL Ottenuto | B18: Zona | C18: Azione | D18: Priorità
A19: < €3 | B19: 🟢 Eccellente | C19: Scala aggressivo 3x budget | D19: SCALA ORA
A20: €3 - €5 | B20: 🟢 Buono | C20: Scala graduale 2x budget | D20: SCALA
A21: €5 - €7 | B21: 🟡 Accettabile | C21: Ottimizza copy/targeting, poi scala | D21: OTTIMIZZA
A22: €7 - €10 | B22: 🟠 Attenzione | C22: A/B test intensivo, non scalare | D22: TEST
A23: > €10 | B23: 🔴 Critico | C23: Pausa, rivedi funnel completo | D23: STOP
